{"cameraMode":{"drawMode":0,"name":"Shaded","section":"Shading Mode"},"sceneLighting":true,"audioPlay":false,"sceneViewState":{"m_AlwaysRefresh":false,"showFog":true,"showSkybox":true,"showFlares":true,"showImageEffects":true,"showParticleSystems":true,"showVisualEffectGraphs":true,"m_FxEnabled":true},"in2DMode":false,"pivot":{"x":0.09332320839166641,"y":0.7347068190574646,"z":0.3982585668563843},"rotation":{"x":-0.0766051858663559,"y":0.8250444531440735,"z":-0.5466111302375794,"w":-0.13139881193637849},"size":0.8870097994804382,"orthographic":false}