{"cameraMode":{"drawMode":0,"name":"Shaded","section":"Shading Mode"},"sceneLighting":true,"audioPlay":false,"sceneViewState":{"m_AlwaysRefresh":false,"showFog":true,"showSkybox":true,"showFlares":true,"showImageEffects":true,"showParticleSystems":true,"showVisualEffectGraphs":true,"m_FxEnabled":true},"in2DMode":false,"pivot":{"x":28.371097564697267,"y":-30.681320190429689,"z":-30.363407135009767},"rotation":{"x":-0.15533998608589173,"y":-0.8715841174125671,"z":0.29330217838287356,"w":-0.36419135332107546},"size":29.533794403076173,"orthographic":false}