x,y,diff,time
-10,-10,1,0.007
-7.152729566,-7.488938565,1,0
8.906438472,9.576182635,1,0.007000208
5.878359068,-1.282337015,1,0
-0.332919727,5.619518774,0.999999991,0.217000008
5.192867854,1.013851425,0.9999607,0.001999855
3.141592528,3.141592595,2.86E-14,0
3.141592631,3.141592644,7.77E-16,0
3.141592644,3.141592665,3.33E-16,0.012000084
3.141592661,3.141592646,1.11E-16,0.004999876
