x,y,diff,time
-9.995128722,-9.995128722,0.980376021,0.006000042
-4.071946732,-0.959154869,0.814155238,0
3.525656338,0.980094507,0.770276315,0.006000042
-0.146229748,-0.499240511,0.063754672,0
-0.493771034,0.163751006,0.063754672,0.00999999
-6.81E-09,1.23E-07,5.48E-13,0.029000044
-1.06E-07,4.49E-08,4.83E-13,0.46600008
8.00E-08,-6.17E-08,3.70E-13,0.062999964
3.15E-08,2.59E-08,6.03E-14,0.179000139
