x,y,ab_diff,step_time,hyp_count
-2.5080000000000027,0.49199999999999694,2274.5068671321205,0.0000037,16
5.238793001650864,-0.935234466877624,1385.266791759176,0.0099954,72
2.041013734264239,5.041013734264238,1120.9845329916222,0.0017157,76
-0.8049131599179428,-0.07758044365913519,1099.1829353490184,0.0169028,108
0.9083111083114156,-0.9666082515944476,70.09198956433819,0.8891051,1752
0.9083111083114156,-0.9666082515944476,-0.00000000000007638334409421077,0.7025995,2952
