x,y,ab_diff,step_time,hyp_count
1.5039673752671423,0.4977222580242286,1421.5979834524353,0.0000619,16
0.49699415498395094,0.49224655553851504,1120.9016393843174,0.0187965,88
-12.193259177499192,0.00038844594177460856,631.7875244545781,0.302502,264
-3.967284121922959,5.529194490739745,515.7367834233991,0.2624892,392
-3.967284121922959,5.529194490739745,3.8017274728709967,49.5880067,22016
